Descricao,Quantidade,TotalVenda
ABECEDARIO DIVERTIDO,6.0,18.0
AGEND ESTUD KIDEN MASC,4.0,59.0
AGENDA 2024 TOK OFFICE,2.0,32.0
AGENDA 2025 A6 LISA RMT1,1.0,14.8
AGENDA 2025 TB PT M6 354,2.0,60.0
AGENDA BROCHURA PEPPER 2,2.0,46.0
AGENDA COSTURADA PEPER P,2.0,46.0
AGENDA ESPIRAL PEPPER FE,2.0,45.0
AGENDA EST KIDEN FEM,3.0,45.0
AGENDA JEANS,5.0,115.0
AGENDA PERM COST PEPPER,1.0,22.0
AGENDA PERMANENTE CLIFF,3.0,63.0
ALFANUMERICO GG 36P5724,3.0,51.0
ALMOFADA CARIMBO N3 AZUL,7.0,91.0
ALMOFADA CARIMBO N3 PRET,5.0,65.0
ALMOFADA CARIMBO N3 VERM,1.0,13.0
ALUGA-SE TAMOIO,37.0,22.0
APAGADOR BRW PAST,1.0,10.0
APAGADOR MAD QUADRO NEGR,1.0,9.8
APAGADOR PARA Q BRANCO,1.0,10.0
APONTADOR C DEPOSITO LEO,11.0,22.0
APONTADOR COM DEPOSITO F,18.0,104.4
APONTADOR LEO LEO BLOCO,17.0,32.0
APONTADOR SIMPLES 637 CI,1.0,0.6
APONTADOS C DEP BRW,20.0,20.0
APRENDA EM CASA LETRA CU,10.0,30.0
ARQ MORTO POLIONDA FACIL,6.0,60.0
BARBANTE ALGODAO 550M VO,2.0,52.0
BINGO TAMOIO 100F,1.0,4.5
BLOCO ADESIVO 76X76,2.0,12.0
BLOCO ADESIVO MAE,1.0,12.5
BLOCO ANOTACAO HA41401,1.0,9.5
BLOCO DE ANOTACAO NOTE F,12.0,102.8
BLOCO PEDIDO S COPIA1X36,41.0,100.0
BOBBIE GOODS AZUL,2.0,112.5
BOBBIE GOODS ROSA,2.0,112.5
BOBINA SIFLER 80X40,13.0,102.7
BOBINA TERMICA PDV SILVE,17.0,77.4
BOLA DE ISOPOR 100MM,9.0,46.1
BOLA DE ISOPOR 35MM,5.0,3.5
BOLSA,1.0,12.5
BOLSA SUPERBAT MI41411,1.0,70.0
BORRACHA BCA 60 LEO LEO,29.0,14.5
BORRACHA BRANCA GRANDE F,4.0,32.0
BORRACHA DIVERTIDA FANTA,6.0,12.0
BORRACHA FABER CASTELL T,106.0,446.8
BORRACHA HE40710 INTER P,58.0,116.0
BORRACHA LEO LEO COLOR,2.0,3.4
BORRACHA MC PRETA,12.0,36.0
TOTALIZACAO,502.0,2627.8
BORRACHA MC TR OVAL SORT,4.0,11.2
BORRACHA MERCU CLEAN COR,2.0,5.0
BORRACHA MERCUR 40 QUADR,28.0,35.0
BORRACHA MERCUR CLEAN CO,14.0,32.0
BORRACHA MERCUR CLEAN CO,17.0,42.0
BORRACHA MERCUR DELTA,14.0,37.7
BORRACHA MERCUR DUAS COR,30.0,39.0
BORRACHA MIX POUCO FAREL,11.0,33.0
BORRACHA PONTEIRA MERCUR,61.0,21.95
BORRACHA TR18,4.0,12.8
BRINCANDO COM OS ANIMAIS,1.0,13.0
BRINCANDO DE COLORIR,43.0,86.0
CAD 1X4 BROC JAND FEM 48,3.0,22.5
CAD BRAC UNIV CD 96FWOOF,4.0,54.0
CAD BROC UNIV CD COST 96,6.0,87.0
CAD BROC UNIV CD WANDERL,3.0,42.0
CAD CART BASIC ART CD 96,3.0,52.5
CAD CD 1X4 96F AZUL JAND,4.0,31.2
CAD CD 1X4 FAST 200F,10.0,140.0
CAD CD 1X8 LIBERTY 80F,9.0,80.0
CAD CD 1X8 STELLA 80F,2.0,14.0
CAD CD 4 ELEMENTOS 20M 3,4.0,176.0
CAD CD 96 F JANDAIA VERM,3.0,23.4
CAD CD 96F AMA JAND,3.0,23.4
CAD CD ACT 20M 320F,5.0,200.0
CAD CD ARMY 12M 192F,6.0,150.0
CAD CD ARMY MASK 20M 320,10.0,390.0
CAD CD BEE 15 MAT 300F,1.0,41.0
CAD CD BICYCLES 1M 80F,8.0,96.0
CAD CD BRASI 15 300F,3.0,102.0
CAD CD BROC 48F PRETO,7.0,66.5
CAD CD BROC 96F VERD,4.0,51.6
CAD CD BROC INIV HURRAC,2.0,27.6
CAD CD BROC UNIV  96F FU,2.0,29.6
CAD CD BROC X FOTO 1M 80,4.0,56.0
CAD CD CART CLIFF 80F,6.0,90.0
CAD CD CART FAST 48F,13.0,130.0
CAD CD CART FAST RACE 80,2.0,35.0
CAD CD CART PET 80F,1.0,17.5
TOTALIZACAO,915.0,5784.05
CAD CD CARTO FADAS 80F,5.0,135.0
CAD CD CARTO STONE 80F,4.0,70.0
CAD CD CARTOG PETIT 80F,3.0,67.5
CAD CD CIFF FEM 15M 240F,2.0,71.0
CAD CD CLIF FEM 1M 8OF,4.0,52.0
CAD CD CLIF FEM 20M 320F,3.0,128.0
CAD CD CLIF MASC 80F 1M,8.0,104.0
CAD CD ESP 1X4 NATURE 96,4.0,39.2
CAD CD FLOWERS 10M 140F,13.0,221.0
CAD CD FLOWERS 12M 168F,13.0,253.5
CAD CD FLOWERS 15M 210F,13.0,336.0
CAD CD FLOWERS 20 MAT 28,16.0,496.0
CAD CD FURRY BEARS 12M 2,2.0,69.0
CAD CD GAME 10M 160F,2.0,45.0
CAD CD GAME 20M 320F,5.0,200.0
CAD CD JEANS WORLD 15M 2,1.0,26.0
CAD CD KBOM FEM 20M 400F,3.0,150.0
CAD CD LIKE IT 1M 80F,6.0,78.0
CAD CD MASK 12M 192F WAR,7.0,182.0
CAD CD MASK 12M 192FLS F,9.0,225.0
CAD CD MASK AMOR 20M 320,5.0,200.0
CAD CD MASK FEMME 20M 32,4.0,160.0
CAD CD MASK WARRIOR 10 M,3.0,69.0
CAD CD MASK WAY 20M 320F,10.0,400.0
CAD CD MAXCAR 12 MAT 168,6.0,114.0
CAD CD MAXCARS 15M 210F,2.0,46.0
CAD CD NATURE 15M 210F,1.0,23.5
CAD CD PAPILIO 80F 1 MAT,3.0,69.0
CAD CD PET 1 MAT 80F,7.0,84.0
CAD CD POP COLLECTION 10,13.0,325.0
CAD CD SKATE 1M 80F,3.0,34.5
CAD CD STITCH 10M 160F,3.0,216.0
CAD CD SUPER CHIC 15M 30,1.0,42.0
CAD CD SUPER CHIC 20M 40,3.0,156.0
CAD CD VD UNIV 48F TILIB,1.0,9.5
CAD CD WAY 1M 80F,4.0,54.0
CAD CD WAY MASK 12M 192F,5.0,125.0
CAD CD WOOF 1M 80F,8.0,96.0
CAD CD X-ANIMAL 12M 168F,4.0,80.0
CAD CD X-SURFING 12M 168,1.0,20.0
CAD CD X ANIMAL 10M 140F,1.0,18.5
CAD CD X MOTO 10M 140F,10.0,195.0
CAD CD XPHOTO 12M 168F,2.0,40.0
CAD CD XPICKUP 20M 280F,1.0,34.0
CAD CD XSURFING 10M 140F,1.0,17.0
CAD CD XSURFING 15M 210F,9.0,216.0
CAD CD XTREME 12M 240F,2.0,55.0
CAD CD4 96F PRET,5.0,40.0
CAD CDKBOM FEM 15M 300F,4.0,144.0
TOTALIZACAO,1162.0,11843.25
CAD CDNATURE 12M 168F,6.0,114.0
CAD DESENHO ESP 40F,3.0,16.5
CAD ESPIRAL 1X4 96F BRAS,19.0,114.0
CAD MEIA PAUT 40F MNO,1.0,16.0
CADER CALIGRAFI 3,2.0,7.4
CADER CD BRASILI 20 M,1.0,41.0
CADER CD MAXCARS 10M,9.0,162.0
CADERN C D1X8 DISNEY,3.0,28.5
CADERNETA CD BLACK ON WH,3.0,29.4
CADERNETA FASHION WOLD C,1.0,9.5
CADERNETA WEST VILLAGE 1,1.0,12.5
CADERNO 10 MAT 140FLS BI,6.0,102.0
CADERNO 10MAT 140FLS NAT,6.0,102.0
CADERNO 10MAT 160FLS ACT,1.0,22.5
CADERNO 1MAT GIRL 80FLS,1.0,11.0
CADERNO 20MAT SPORT,1.0,40.0
CADERNO 96F AZU CD TILIB,12.0,158.0
CADERNO BRASILI 1X4 48F,66.0,231.0
CADERNO BROCHURA CAPA DU,1.0,13.9
CADERNO C D BRACHURAO VE,5.0,64.1
CADERNO CAPA DURA STIFF,2.0,15.0
CADERNO CARTO FLEX 96F,6.0,81.0
CADERNO CD 10MAT 140FLS,7.0,126.0
CADERNO CD 10MAT 140FLS,2.0,39.0
CADERNO CD 10MAT 160FLS,1.0,22.5
CADERNO CD 10MAT 160FLS,9.0,198.0
CADERNO CD 10MAT 160FLS,5.0,112.5
CADERNO CD ACT 15M 240F,1.0,32.0
CADERNO CD ACT 1M 80F JA,2.0,27.0
CADERNO CD ARMT 15M 240F,4.0,128.0
CADERNO CD ARMY 1M 80F J,6.0,81.0
CADERNO CD BROCH PRE 96,5.0,64.0
CADERNO CD FAST 15M 240F,5.0,160.0
CADERNO CD FAST 20M 320F,8.0,320.0
CADERNO CD FEMME 15M 240,4.0,120.0
CADERNO CD FEMME 1M 80F,7.0,94.5
CADERNO CD GAMER 15M 240,4.0,128.0
CADERNO CD GIRL 1M 80F J,12.0,162.0
TOTALIZACAO,1461.0,15689.05
CADERNO CD MAXICARS IM 8,17.0,204.0
CADERNO CD NATURE 1M 80F,5.0,55.5
CADERNO CD PRETO  1X4  4,8.0,50.4
CADERNO CD X MOTO 12M 16,5.0,100.0
CADERNO CD XPICKUP 15M 2,1.0,24.0
CADERNO DE DESENHO CARTO,6.0,39.0
CADERNO DE MUSICA 40F,3.0,24.0
CADERNO MAXICARS CD BRO,3.0,40.5
CADERNO PEQ TURM DO JAND,4.0,12.0
CADERNO UNIV 48FLS RS,4.0,40.0
CADERNO UNIV CD 96FLS LI,3.0,42.0
CADERNO UNIV. PERFIL 10X,4.0,60.0
CADERNO UNIV. PERFIL 6X1,2.0,23.0
CADERNO UNIV. PERFIL 8X1,1.0,13.0
CADERNOA CD 10MAT FAST 1,5.0,112.5
CADRENO CD FAST 1M 80F J,12.0,162.0
CALIGRAFIA DIVERTIDA LET,7.0,28.0
CALIGRAFIA DIVERTIDA NUM,3.0,11.7
CAN GEL MOLIM METALICA P,3.0,24.0
CANETA BIC CELEBRATIO PR,3.0,20.1
CANETA BIC CELEBRATION A,17.0,113.9
CANETA BIC CRISTAL 1.6 P,52.0,114.4
CANETA BIC CRISTAL AZ,486.0,585.2
CANETA BIC CRISTAL PRETA,353.0,423.6
CANETA BIC CRISTAL ULTRA,59.0,100.3
CANETA BIC CRISTAL ULTRA,50.0,86.7
CANETA BIC CRISTAL ULTRA,9.0,15.3
CANETA BIC CRISTAL UP SO,5.0,10.0
CANETA BIC CRISTAL VERDE,39.0,46.8
CANETA BIC CRISTAL VERME,98.0,117.6
CANETA BIC SHIMMERS FASH,30.0,68.4
CANETA COMPACTOR  07 VER,16.0,22.4
CANETA COMPACTOR 07 AZUL,33.0,38.4
CANETA COMPACTOR 07 PRET,13.0,15.6
CANETA COMPACTOR 07 VERM,2.0,2.4
CANETA COMPACTOR ECONOMI,95.0,95.0
CANETA COMPACTOR MICROLI,26.0,130.0
CANETA COMPACTOR MICROLI,9.0,44.0
CANETA COMPACTOR MICROLI,7.0,35.0
CANETA COMPACTOR MICROLI,2.0,10.0
CANETA ESFEROGRAFICA PIL,1.0,9.8
TOTALIZACAO,3038.0,19085.95
CANETA ESFEROGRAFICA PRE,2.0,18.5
CANETA HIDROGRAFICA LEO,2.0,17.6
CANETA MOLIN  GEL NET OU,1.0,8.0
CANETA PILOT FINE PRE 07,31.0,117.5
CANETA PILOT MEDIA AZUL,33.0,123.9
CANETA PILOT MEDIA VERM,7.0,26.6
CANETA TRILUX AZUL FABER,9.0,14.4
CANETA UNICORNIO,1.0,8.5
CANETE CIS SPIRO 07MM SO,243.0,927.3
CANTETA BIC F ENEM,61.0,61.0
CARBONO PARA MANUSCRITO,136.0,103.9
CARBONO PARA MAQUINA PRE,63.0,47.25
CARNE GPS SIDGRAPH,47.0,254.8
CART PR  DUP EST 09,3.0,6.0
CART PR DUP ESTAMP 27,1.0,2.0
CARTOLINA COLOR SET CORE,621.0,993.6
CARTOLINA GUACHE BRILHO,3.0,8.1
CARTOLINA LAMINADO CORES,17.0,50.8
CARTOLINA PR BCA CARTAZ,41.0,82.0
CHAMEQUINHO A4 100F AMA,3.0,36.0
CHAMEQUINHO A4 100F BCO,91.0,764.4
CHAMEQUINHO A4 100F ROS,4.0,48.0
CHAMEQUINHO A4 100F VED,1.0,12.0
CLIPES CRACHA,11.0,13.2
CLIPS ACC  MINI COLOR,1.0,6.9
COL COLOR KOALA 25G,9.0,22.5
COLA BAST TRIS 10G,1.0,4.0
COLA BASTAO 10G LE0 LE0,49.0,122.5
COLA BASTAO 21G LEOLEO,11.0,33.0
COLA BASTAO BAZZE 10G,13.0,32.5
COLA BASTAO SCOT COMPAC,9.0,58.8
COLA BRANCA KOALA 1KG,4.0,100.0
COLA BRANCA KOALA 500G,8.0,108.0
COLA BRANCA MAX COLA 90G,8.0,28.0
COLA COALA 40G,97.0,213.4
COLA COLOR GLITE KOALA 2,6.0,18.0
COLA DO ARTESAO,3.0,29.4
COLA EM BASTAO FABER CAS,4.0,35.6
COLA ESC BAST TRIS 40G,5.0,57.5
COLA ESC GLITER ACRILEX,1.0,6.7
COLA ESC GLITER ACRILEX,2.0,12.6
COLA ESC GLITER ACRILEX,2.0,13.4
COLA GLITER KOALA 25G,3.0,9.0
COLA ISOPOR COALA EVA 40,27.0,108.0
TOTALIZACAO,4778.0,24093.6
COLA ISOPOR EVA 40G QUIN,10.0,40.0
COLA ISOPOR EVA KOALA 90,27.0,210.6
COLA QUENTE BASTAO FINO,499.0,499.0
COLA TEKBOND 20G MOVELEI,1.0,16.2
COMPASSO TRIS,2.0,19.0
CONHECENDO AS VOGAIS 2,3.0,9.0
CONJ DES 2 GRAU WALEU,1.0,8.5
CONPACTOR HIDROGRAFICO C,2.0,27.0
CONTRATO DE LOCACAO ANIM,66.0,66.0
CORRETIVO BIC A BASE DE,57.0,239.4
CORRETIVO CANETA 6ML GOL,9.0,67.5
CORRETIVO CANETA RADEX,2.0,9.0
CORRETIVO FITA MASTER,10.0,50.0
CORRETIVO MERCUR A BASE,24.0,93.2
CORRETIVO TOQUE MAGICO,34.0,163.2
CRACHA HORIZONTAL ACP,7.0,14.0
CRACHA VERTICAL,2.0,2.5
CRTAZ VENDE SIDGRAF,13.0,7.8
CRUZADINHA DE VOGAIS,1.0,3.0
DESCOBRINDO O MUNDO CAO,3.0,22.5
DESCOBRINDO O MUNDO COEL,2.0,15.0
DESCOBRINDO O MUNDO ELEF,3.0,22.5
DIARIO C CADEADO 48F FRU,2.0,50.0
DIARIO HA78413,2.0,52.0
DIARIO MERMAID,1.0,23.0
DIVERSAO PELO MUNDO,1.0,13.0
DUREX EMPAC QUALITAPE 48,2.0,13.8
DUREX FIT PEL  12X10,92.0,92.0
DUREX FITIPEL 25X50,6.0,28.8
DUREX FITPEL 12MMX20M TR,39.0,62.4
DUREX FITPEL 45MM X 40,16.0,96.0
DUREX QUALITAPE 24X50,18.0,90.0
DUREX TRANS MAIS 40X40,2.0,12.0
DUREX TRANSP 18X50,2.0,14.0
DUREX TRANSP 5802 45MMX4,52.0,494.0
ELASTICO 200,2.0,26.0
ELASTICO MERCUR 100UND S,17.0,132.2
ELASTICO MERCUR 120UND S,1.0,10.7
ELASTICO MERCUR 60UND ST,30.0,194.2
ENVELO BRANCO 26X36,8.0,9.6
ENVELOPE 16X22 SOF 323,21.0,10.5
ENVELOPE 31X41,6.0,9.6
ENVELOPE 37X47,10.0,18.0
ENVELOPE 75G BRANCO 162X,100.0,60.0
ENVELOPE BRANCO 22X32,172.0,147.2
ENVELOPE CARTA,79.0,23.7
TOTALIZACAO,6498.0,27530.0
ENVELOPE CARTA 11X16 SRP,297.0,59.5
ENVELOPE CARTA 14X16 SCR,56.0,42.0
ENVELOPE CARTA 7X10CM SC,15.0,6.0
ENVELOPE GRANDE 162X229,49.0,49.0
ENVELOPE KRAFT OURO 11X1,14.0,4.2
ENVELOPE OFICIO 11X22 SR,36.0,10.8
ENVELOPE SACO KRAFT 162X,23.0,11.5
ENVELOPE SACO KRAFT NAT,2.0,1.2
ENVELOPE SACO OURO 22X32,362.0,289.6
ENVELOPE VISITA 72X108MM,69.0,27.6
ESCOLINHA 365 ATIVIDADES,2.0,33.0
ESPETO PARA PAPEL ACC,4.0,56.0
ESTILETE 18MM,18.0,68.4
ESTILETE CIS GRANDE,9.0,52.2
ESTOJO ESCOLAR CAMUFLADO,6.0,82.8
ESTOJO ESCOLAR TOKHOUSE,3.0,21.0
ESTOJO INFANTIL POLIESTE,5.0,102.0
ETIQUETA MANUAL OURO,13.0,21.5
ETIQUETA MANUAL PRATA,2.0,3.2
ETIQUETA MX21X12,34.0,95.2
ETIQUETA PIMACO 6181,2.0,3.4
ETIQUETA PIMACO A 4262 C,12.0,20.4
ETIQUETA RT-4 12X25 M,1.0,11.5
ETIQUETA RT-5 TARJADINHA,1.0,14.8
EVA  CORES 40X47,5.0,15.0
EVA 40X48GLITER CORES GL,31.0,186.0
EVA BRILHO LEO LEO 40X48,3.0,20.7
EVA CORES 40X48 PEQUENO,262.0,786.0
EVA GLITER CORES TOK KID,112.0,649.6
EXTRATOR DE GRAMPOS,1.0,3.5
FICHA DE PRESTACAO TAMOI,1.0,9.8
FITA  MASK CREPE  24X50,20.0,190.0
FITA 3M SILV TAPE,1.0,19.8
FITA BANANA DUPLA FACE E,5.0,57.5
FITA CORRETIVA JOCAR 10X,20.0,170.0
FITA CREPE 18X50,16.0,128.5
FITA CREPE 18X50 MASK,3.0,22.5
FITA CREPE 48X50 MASK AD,7.0,133.0
FITA CREPE 711 FACIL REM,3.0,27.0
FITA DUPLA FACE 16X30 FI,6.0,70.8
FITA DUPLA FACE 19X30 FI,5.0,61.8
FITA DUPLA FACE FITIPEL,1.0,9.0
FITA DUPLA FACE VERDE 19,50.0,340.0
FITA EMPAC QUALITAPE 48M,4.0,31.2
FITA EMPAC QUALITAPE 48X,12.0,80.4
FITA FIT PEL 48X40 CORES,14.0,135.8
FITA KRAFT FITPEL 38MMX1,4.0,32.0
FITA LACO MAGIC,115.0,117.0
FITA MULTIUSO FITE PEL 4,1.0,9.7
TOTALIZACAO,8237.0,31927.4
FITA SILVER TABE 48X10,2.0,67.5
FLOCLORE,1.0,13.0
FOLHA DE SCRAPBOOK CORES,4.0,15.2
GIZAO DE CERA KOALA,35.0,308.0
GPS GUIA DA PREV. SOCIAL,37.0,263.4
GPS SAO DOMINGOS,24.0,117.8
GRAMPO JOCAR COB 26X6 C,33.0,102.0
GRAMPO JOCAR GALV 26X6 C,20.0,60.0
GRAMPOS GALVANIZADOS BRW,10.0,100.0
GUARDACHUVA,37.0,925.0
ISOPOR 20MM,27.0,251.1
ISOPOR 30MM,27.0,376.3
KIT ESCOLAR 1 GRAU WALEU,4.0,34.0
KIT ESCOLAR LEOLEO LAPIS,7.0,101.5
KIT LAPIS EVOL BOR CAN 5,3.0,15.0
KIT NORMOGRAFO WALEU,1.0,11.0
LACO FACIL DECORATIVO 18,100.0,75.0
LAMINA ESTILETE GARGO UN,11.0,11.0
LAMINA PARA ESTILETE 9MM,8.0,4.8
LAP GRAF BAZE SEXTRAVADO,12.0,9.6
LAPIS  CERA ESTACA BR,4.0,5.6
LAPIS 6 B CIS,1.0,3.0
LAPIS CERA CHOCOLIX GIZA,8.0,60.0
LAPIS COMUM FABER CASTEL,7.0,11.9
LAPIS COMUM GLITS FABER,7.0,12.6
LAPIS COR ACRILEX G,7.0,94.5
LAPIS COR BIC PREMIUM KI,10.0,165.0
LAPIS COR FAB CORAMOR 12,10.0,70.0
LAPIS COR LEO LEO,11.0,44.0
LAPIS COR LEO LEO REDOND,12.0,93.6
LAPIS COR LEOELEO APAGAV,3.0,34.5
LAPIS COR LEOLEO FLEX 24,3.0,45.0
LAPIS COR MAPED AQUARELA,1.0,33.7
LAPIS COR STTAEDTLER 185,8.0,120.0
LAPIS DE COR BRW ECO,17.0,110.5
LAPIS DE COR FC ECOLAPIS,17.0,331.5
LAPIS DE COR G 12CORES P,39.0,234.0
LAPIS DE COR LEOLEO 4449,4.0,70.0
LAPIS FABER CASTELL 4B,2.0,7.8
LAPIS FABER CASTELL 5B,2.0,8.5
LAPIS FABER CASTELL 6B,44.0,211.0
LAPIS GRAF BIC REDO EVOL,160.0,157.6
LAPIS GRAF BRW SORT LP72,24.0,28.8
LAPIS GRAF LEOLEO CB0R P,48.0,57.6
LAPIS GRAF MAPED PIXEL,4.0,7.2
LAPIS GRAFIT BIC EVOL C,86.0,120.1
LAPIS HB S2 BRW,36.0,43.2
LAPIS HIDRO NEO PEN GIGA,16.0,199.6
TOTALIZACAO,9256.0,37321.4
LAPIS HIDROCOR ACRILEX,7.0,89.3
LAPIS HIDROCOR C6 BAZZE,5.0,20.0
LAPIS HIDROCOR FC CARAS,1.0,17.8
LAPIS HIDROCOR NEO PENPE,18.0,198.0
LAPIS PRETO HB GAME,7.0,8.4
LAPIS PRETP HB TABUADA,40.0,40.0
LAPIS TRILUX AZUL PONTA,2.0,2.8
LAPISEIRA BIC 05,11.0,39.9
LAPISEIRA CRISTAL 2.0,13.0,65.0
LAPISEIRA SPIRO,2.0,12.0
LAPISEIRA TOM PASTEL BRW,49.0,242.6
LAPISERA COLOR GRID,2.0,9.0
LAPIZEIRA BRW 07 TOM PAS,6.0,21.0
LER E COLORIR CLASSICO,14.0,77.0
LETRAS E NUMEROS 55MM VA,2.0,40.0
LIC ATIV DIVER TURMA DA,1.0,11.0
LIGA SUP AMARELA N18 500,3.0,90.0
LIV  APRE . E INCRIVEL P,1.0,6.0
LIV  COLOR COMFY COZY RS,1.0,52.0
LIV  COLOR E ATIV LA FAD,2.0,27.0
LIV  COMO E BOM COL DINO,9.0,80.0
LIV 365 ATIV DESEN HOT W,2.0,34.0
LIV 365 ATIV DINOSSAURO,2.0,30.0
LIV ARTETERAPIA P COL RE,1.0,7.5
LIV CHAPEUZINHO VM,3.0,13.5
LIV COLOR AVENT C SEREIA,2.0,35.0
LIV COLOR COMFY DAYS 014,2.0,40.0
LIV COLOR COZY AND CUTE3,1.0,20.0
LIV COLOR CUTE WORLD 482,1.0,20.0
LIV COLOR MANDALAS 0923,5.0,42.5
LIV COLOR MANDALAS SONHA,2.0,15.0
LIV COLORIR MANDALAS ACA,2.0,14.0
LIV DES PARA COL FEM DIS,1.0,20.0
LIV HISTORIA ENCANTADAS9,1.0,19.0
LIV IDENTIFICANDO AS VOG,5.0,20.0
LIV INF HIST BIBLICAS A,2.0,13.0
LIV JOAO E MARIA,2.0,9.0
LIV LER E COL DINOSSAURO,2.0,11.0
LIV LER E COLORIR T MONI,1.0,5.0
LIV MANDALASCOLORIR INSP,6.0,43.5
LIV PAS. TEMPO MENINAS C,2.0,12.0
LIV POP COLOR AQUA ANIM,1.0,7.0
LIV PRIM BINGO E ROLLY,5.0,32.5
LIV PRIM HIST CARROS,2.0,14.0
LIV PRINCESAS,1.0,13.5
LIV T MONIC VAMOS APREN,3.0,9.0
LIV TRIN A ESC LET MAIUS,9.0,45.0
LIV TURMA DA MONICA 7515,4.0,18.0
TOTALIZACAO,9531.0,39058.7
LIVRO 333 ATIVIDADES P M,3.0,50.5
LIVRO 333 ATIVIDADES P M,2.0,34.0
LIVRO 365 CANINA 9353,2.0,30.0
LIVRO 365 DESENHOS DE CO,6.0,99.0
LIVRO 365 DINOSAUROS,3.0,49.5
LIVRO APREDER CALIGRAFIA,10.0,50.0
LIVRO APRENDENDO EM CASA,10.0,20.0
LIVRO APRENDER CALIGRAFI,21.0,94.5
LIVRO APRENDER E INCRIVE,2.0,12.0
LIVRO APRENDER E INCRIVE,1.0,6.0
LIVRO ATA 200F TILIBRA,1.0,38.7
LIVRO BARBIE BAILARINA,3.0,7.5
LIVRO BRINCANDO COM AQUA,1.0,13.0
LIVRO CALIGRAFIA INCRIVE,5.0,30.0
LIVRO DE CALIGRAFIA SORT,13.0,45.5
LIVRO FESTA DAS CORES,20.0,40.0
LIVRO INFAN HIST BIBLI M,1.0,6.5
LIVRO INFAN HIST BIBLI N,2.0,13.0
LIVRO KIT DE PINT DO ART,7.0,108.0
LIVRO PRIM HIST ARISTO,1.0,6.5
LIVRO PRIM HIST VINGADOR,2.0,13.0
LIVRO PROTOCOLO 100F SD,4.0,74.0
LIVRO TREINA CALIGRA SPI,1.0,6.0
LIVRO UM TOQUE DE COR UN,7.0,35.0
LIVROS VIDA NA FAZENDA A,5.0,10.0
MAPA DO MUNDO,2.0,26.0
MAPA DO RN,1.0,15.0
MARC PILOT QUAD BCO C RE,5.0,86.0
MARC RET PROJ PIL 1.0P,3.0,28.5
MARCA TEXTO APAGAVEL,6.0,36.0
MARCA TEXTO BAZZE LARANJ,4.0,10.0
MARCA TEXTO BRW AZUL,18.0,45.0
MARCA TEXTO BRW GEL ROSA,11.0,49.5
MARCA TEXTO BRW GEL VERD,11.0,49.5
MARCA TEXTO BRW LARANJA,5.0,12.5
MARCA TEXTO BRW ROSA,22.0,55.0
MARCA TEXTO BRW VERDE,19.0,47.5
MARCA TEXTO BRW VERDE LI,55.0,137.5
MARCA TEXTO BRW VERMELHO,10.0,25.0
MARCA TEXTO CIS  LUMINE,4.0,14.0
MARCA TEXTO CIS VERDE,3.0,10.5
MARCA TEXTO GEL BRW AM,18.0,81.0
MARCA TEXTO JOCAR AMAREL,9.0,22.5
MARCADOR CD RETO PROJETO,7.0,31.5
TOTALIZACAO,9905.0,41148.4
MARCADOR PERMANENTE PILO,15.0,101.9
MARCADOR PERMANENTE RADE,1.0,7.5
MARCADOR PERMANENTE RADE,1.0,7.5
MARCADOR PONTA DUPLA AZ,28.0,126.0
MARCADOR QUADRO BRANCO B,21.0,150.5
MARCADOR RETRO P.PILOT 1,3.0,28.5
MARCADOR RETRO PROGETOR,2.0,19.0
MARCADOR RETRO PROJETOR,84.0,517.2
MARCADOR RETRO PROJETOR,13.0,80.4
MASSA DE MODELAR C12 180,6.0,54.0
MASSA DE MODELAR KOALA G,71.0,504.0
MASSA DE MODELAR KOALA P,31.0,120.9
MASSA DE MODELAR SUPER S,2.0,19.6
MASSA MOD ACRILEX SOFT 1,1.0,10.0
MASSA MODELAR DIVER CORE,25.0,112.5
MATELA NEW LINE CRISTAL,1.0,29.5
MEU PRIMEIRO LIVRO DE PA,17.0,51.0
MINA GRAFITE LEOLEO 07MM,64.0,210.5
MINA GRAPHITE TRIS 2.0,82.0,242.0
MOCHILA SEANIT M141423,1.0,72.0
MOCHILA WINCY BPD33063,2.0,106.0
MOCHILA WINCY BPG21834,4.0,136.0
MOLHA DEDO WALEU,2.0,10.4
MOVIMENTO DE CAIXA OF SD,20.0,415.8
MOVOMENTO DE CAIXA PEQ A,16.0,144.0
NOTA NEUTRA 50FLS SIDGRA,10.0,25.0
NOTA NEUTRA S COPIA 1X18,20.0,90.0
NOTA PROMISSORIA PED ANI,20.0,50.0
NOTA PROMISSORIA PEQ CAR,10.0,25.0
NOTA PROMISSORIA SIDGRAP,4.0,12.0
NOTE FIX 4CORES 38X50MM,22.0,215.6
NOTEFIX 76X10 AMARELO,3.0,25.6
NOTEFIX 76X10 AZUL,1.0,8.8
NOTEFIX 76X10 ROSA,5.0,44.1
P RETRATO 10X15 15812,5.0,45.0
PAPEL,60.0,45.0
PAPEL CANSON,7.0,6.3
PAPEL CANSON 300GM,6.0,21.0
PAPEL CELOFONE CORES,151.0,226.5
PAPEL CONTATO 45X1M TRAN,95.0,439.5
TOTALIZACAO,10923.0,46026.0
PAPEL COUCHE BRANCO 180G,15.0,10.5
PAPEL CREATIVE PAPER 210,1.0,12.5
PAPEL CREPOM,274.0,558.0
PAPEL CREPOM ENCERADO,4.0,20.0
PAPEL CRIAT FILIP 75G,9.0,5.85
PAPEL DE SEDA ESPECIAL,7.0,7.0
PAPEL DESENHO CANSON,5.0,8.5
PAPEL ECORES 75G CRIATIV,92.0,44.0
PAPEL FOT AUTO-ADESIVO,178.0,188.0
PAPEL FOTOGRAFICO A4 150,62.0,57.4
PAPEL FOTOGRAFICO A4 180,349.0,279.2
PAPEL GLITER 180G CORES,2.0,12.0
PAPEL GLOSSY TOK 135G AD,25.0,25.0
PAPEL JANDAINHA,2.0,19.0
PAPEL JANDAINHA PESO 60,39.0,643.5
PAPEL JANDAINHA SORTIDAS,7.0,105.0
PAPEL KRAFT,122.0,186.0
PAPEL KRAFT 180G A4,50.0,14.0
PAPEL KRAFT 80G,9.0,1.8
PAPEL LAMINADO CORES,39.0,74.2
PAPEL MADEIRA,129.0,206.4
PAPEL NACARADO 70X100 FU,8.0,52.0
PAPEL PARANA VMP 80X100,40.0,392.0
PAPEL PESO 40 120KG CHAM,31.0,394.5
PAPEL PESO 40KG 120G JAN,2.0,25.0
PAPEL PESO 60 180KG CHAM,33.0,609.0
PAPEL PRESENTE SORTIDOS,56.0,84.0
PAPEL REPORT SENINHA BR,66.0,584.8
PAPEL REPORTE 500 F,153.0,4555.0
PAPEL VEGETAL CANSON,63.0,81.9
PASTA 55MM AM DAC,4.0,34.0
PASTA 55MM FU DAC,4.0,34.0
PASTA 55MM TR DAC,10.0,85.0
PASTA 55MM VD DAC,4.0,34.0
PASTA C ABA OFICIO  1602,82.0,328.0
PASTA C ABA OFICIO SOFT,21.0,84.0
PASTA C ABA OFICIO SOFT,14.0,56.0
PASTA C ABA OFICIO SOFT,30.0,119.5
PASTA C ABA OFICIO SOFT,26.0,104.0
PASTA C ABA OFICIO SOFT,42.0,168.0
PASTA C ABA OFICIO VERDE,49.0,196.0
PASTA C ABA OFICIO VERME,40.0,158.0
PASTA C FERRAGEM POLIBRA,2.0,7.6
PASTA C FERRAGEM POLIBRA,4.0,15.6
PASTA C FERRAGEM SOFT CR,6.0,23.4
PASTA CATALAGO ACB 10 S,3.0,27.0
PASTA COM ZIPER 24X18 AC,16.0,93.7
PASTA L CRISTAL 0957,92.0,137.5
TOTALIZACAO,13463.0,57216.35
PASTA L DAC,26.0,44.2
PASTA L DAC PRETA,16.0,27.2
PASTA MINI 20MM SOFT - A,3.0,12.0
PASTA MINI 20MM SOFT - C,3.0,16.0
PASTA OFICIO 18MM SOFT -,17.0,102.0
PASTA OFICIO 18MM SOFT -,22.0,132.0
PASTA OFICIO 18MM SOFT -,16.0,95.9
PASTA OFICIO 18MM SOFT -,8.0,48.0
PASTA OFICIO SOFT 18M VE,7.0,42.0
PASTA PORTA CHEQUE CRIST,4.0,76.0
PASTA PORTA CHEQUE FUME,2.0,38.0
PASTA SAFON POLIB CRIST,4.0,103.0
PASTA SOFT 30MM AZUL,2.0,13.0
PASTA SUSPENSA MARMORISA,6.0,30.0
PASTA VERMELHO 18MM,7.0,42.0
PASTA ZIP BAP 23 X 11,1.0,4.5
PERFURADOR BAZZER B6210,2.0,32.0
PINCEL ATOMICO BIC RECAR,26.0,117.0
PINCEL ATOMICO BIC RECAR,34.0,153.0
PINCEL CONDOR 473 - 10,3.0,9.9
PINCEL CONDOR 473 - 4,1.0,3.0
PLACA PACIFIC ABERTO X F,1.0,6.0
POLY MOLIN 2 0,13.0,78.0
PORT QUAD CNPJ VERT,18.0,151.2
PORT QUAD HORARIO HORIZ,7.0,58.3
PRANCHETA A4 PRENDEDOR P,15.0,165.0
PRANCHETA A5 118.0,7.0,70.0
PRANCHETA A5 22X14,1.0,11.9
PRIM HISTORIA HOMEM ARAN,2.0,13.0
PRIM TRAC PAT CANIL,4.0,12.0
PROTETOR DE DOC VEIC 85X,94.0,94.0
PROTETOR DOC 75X105,41.0,41.0
QUADRO BRANCO M.MADEIRA,4.0,171.0
REABASTECEDOR PARA MARCA,4.0,30.0
RECIBO DE ALUGUEL COM CA,12.0,42.0
RECIBO DE ALUGUEL SAO DO,8.0,30.5
TOTALIZACAO,14115.0,60397.25
REGUA CLIPS NEW 30CM,3.0,15.0
REGUA CRISTAL 30MM WALEU,49.0,73.5
REGUA CRISTAL 50MM WALEU,4.0,31.3
REGUA FLEXIVEL 20CM LEOL,3.0,10.5
REGUA ROSA FLEXIVEL,3.0,24.0
REGUA WALEU CRISTAL 20CM,8.0,12.0
ROLINHO CONDUN,1.0,7.2
ROLINHO ESP CONDOR 4CM,2.0,10.0
SAC0 METAL. 45X59,12.0,36.0
SACO MET 30X44 NATAL NIC,29.0,58.0
SACO MET 60X90 SORT,8.0,52.0
SACO METALCOR 20X29CM,17.0,13.6
SACO METALIZADO 25X37 SO,68.0,68.0
SACO PRESENTE 30X45,101.0,151.5
SACO TRANSPARENTE 15X29C,9.0,4.5
SACOLA PAP CROM GD KRAFT,1.0,3.5
SACOLA PAPEL KRAFT 12X12,5.0,10.0
SUPORTE FITA ADES JOCAR,1.0,24.0
SWEET PINK,1.0,9.0
TABUADA  E UM AMOR,17.0,36.0
TALAO CONTROLE 3 CORPOS,18.0,81.0
TEK BOND ARTESANATO 1 20,1.0,13.0
TEK BOND ARTESANATO 2 20,3.0,39.0
TEK BOND ARTESANATO 3 20,13.0,182.0
TELA 16X22,1.0,8.5
TELA 18X24 CORTI ARTE,4.0,48.0
TELA 20X20 CORTI ARTE,12.0,128.0
TELA PINT CORTIARTE 30X4,4.0,74.0
TELA SOUZA 20X40CM,1.0,16.9
TESOURA TRIS,67.0,402.0
TIN GUAC ACRILEX ABELHIN,28.0,187.1
TINTA DIMENSIONAL METALI,1.0,8.2
TINTA GUACHE 15ML ACRILE,17.0,22.1
TINTA GUACHE BAMBINE 250,24.0,144.0
TINTA NANKIN 20ML PRETA,8.0,42.5
TINTA PVA BRANCA,4.0,24.4
TINTA PVA PRETO,7.0,41.4
TINTA PVA ROSA ESCURO,2.0,12.0
TINTA QUADRO BRANCO MARK,7.0,44.1
TINTA TECIDO 37ML BRANCO,22.0,132.0
TREINANDO ESCRITA LETRAS,8.0,44.0
TRESOURA ESCOLAR MAPED 1,10.0,58.0
VALE COM CANHOTO SD,2.0,6.0
VENDE-SE TAMOIO,45.0,27.0
TOTALIZACAO,14921.0,63347.95
